optimizer,epoch,sampled_arch,best_arch,train_acc,val_acc,test_acc,train_time,reward,loss,entropy,wall_time_sec
random,1,"(4, 4, 3, 0, 3, 4)","(4, 4, 3, 0, 3, 4)",87.0400000024414,80.24,80.24,9.193052669366201,0.8024,,,0.028672000000000253
random,2,"(2, 1, 0, 1, 3, 2)","(2, 1, 0, 1, 3, 2)",99.96,90.07,90.07,9.517105658849081,0.9007,,,0.05112591700000024
random,3,"(4, 1, 2, 0, 1, 3)","(2, 1, 0, 1, 3, 2)",99.96,90.07,90.07,9.517105658849081,0.8835999999999999,,,0.07347720899999999
random,4,"(1, 3, 3, 4, 1, 1)","(2, 1, 0, 1, 3, 2)",99.96,90.07,90.07,9.517105658849081,0.8559,,,0.09589829200000022
random,5,"(1, 2, 4, 2, 0, 4)","(2, 1, 0, 1, 3, 2)",99.96,90.07,90.07,9.517105658849081,0.8458,,,0.11792395900000008
random,6,"(3, 1, 0, 1, 0, 4)","(2, 1, 0, 1, 3, 2)",99.96,90.07,90.07,9.517105658849081,0.8642,,,0.140074292
random,7,"(1, 4, 2, 4, 1, 0)","(2, 1, 0, 1, 3, 2)",99.96,90.07,90.07,9.517105658849081,0.8698,,,0.16265075000000007
random,8,"(0, 3, 2, 1, 1, 3)","(2, 1, 0, 1, 3, 2)",99.96,90.07,90.07,9.517105658849081,0.8855,,,0.18522024999999998
random,9,"(4, 2, 1, 0, 2, 4)","(2, 1, 0, 1, 3, 2)",99.96,90.07,90.07,9.517105658849081,0.8236,,,0.20806154200000027
random,10,"(2, 3, 0, 4, 0, 4)","(2, 1, 0, 1, 3, 2)",99.96,90.07,90.07,9.517105658849081,0.8851,,,0.2308290839999998
random,11,"(4, 3, 2, 4, 1, 4)","(2, 1, 0, 1, 3, 2)",99.96,90.07,90.07,9.517105658849081,0.8540000000000001,,,0.3456717920000001
random,12,"(4, 3, 4, 1, 1, 0)","(2, 1, 0, 1, 3, 2)",99.96,90.07,90.07,9.517105658849081,0.8495999999999999,,,0.36851029199999985
random,13,"(2, 4, 0, 3, 0, 2)","(2, 1, 0, 1, 3, 2)",99.96,90.07,90.07,9.517105658849081,0.8959,,,0.39124708399999975
random,14,"(1, 2, 4, 1, 2, 4)","(2, 1, 0, 1, 3, 2)",99.96,90.07,90.07,9.517105658849081,0.847,,,0.41360675000000047
random,15,"(0, 4, 1, 2, 1, 2)","(2, 1, 0, 1, 3, 2)",99.96,90.07,90.07,9.517105658849081,0.8656999999999999,,,0.4362345420000002
random,16,"(2, 0, 4, 1, 0, 0)","(2, 1, 0, 1, 3, 2)",99.96,90.07,90.07,9.517105658849081,0.8432999999999999,,,0.458944292
random,17,"(1, 4, 3, 4, 2, 2)","(2, 1, 0, 1, 3, 2)",99.96,90.07,90.07,9.517105658849081,0.879,,,0.48195020899999985
random,18,"(3, 2, 4, 2, 3, 2)","(2, 1, 0, 1, 3, 2)",99.96,90.07,90.07,9.517105658849081,0.8998999999999999,,,0.5047349170000004
random,19,"(3, 1, 1, 3, 3, 3)","(2, 1, 0, 1, 3, 2)",99.96,90.07,90.07,9.517105658849081,0.8368000000000001,,,0.5270186670000001
random,20,"(0, 2, 0, 3, 4, 1)","(2, 1, 0, 1, 3, 2)",99.96,90.07,90.07,9.517105658849081,0.7829,,,0.5495389590000004
random,21,"(4, 4, 0, 2, 2, 4)","(2, 1, 0, 1, 3, 2)",99.96,90.07,90.07,9.517105658849081,0.7946,,,0.5722028750000003
random,22,"(0, 3, 0, 4, 4, 4)","(2, 1, 0, 1, 3, 2)",99.96,90.07,90.07,9.517105658849081,0.7326999999999999,,,0.683647917
random,23,"(2, 0, 4, 3, 4, 2)","(2, 1, 0, 1, 3, 2)",99.96,90.07,90.07,9.517105658849081,0.8792,,,0.7061902499999997
random,24,"(0, 0, 0, 1, 1, 0)","(2, 1, 0, 1, 3, 2)",99.96,90.07,90.07,9.517105658849081,0.8179000000000001,,,0.7286049170000002
random,25,"(0, 3, 1, 0, 3, 4)","(2, 1, 0, 1, 3, 2)",99.96,90.07,90.07,9.517105658849081,0.8495999999999999,,,0.7509627920000002
random,26,"(2, 1, 0, 1, 3, 1)","(2, 1, 0, 1, 3, 1)",99.964,90.25,90.25,7.456931948661804,0.9025,,,0.7732931670000003
random,27,"(4, 4, 1, 2, 2, 1)","(2, 1, 0, 1, 3, 1)",99.964,90.25,90.25,7.456931948661804,0.7997,,,0.796130625
random,28,"(3, 1, 3, 0, 0, 4)","(2, 1, 0, 1, 3, 1)",99.964,90.25,90.25,7.456931948661804,0.8634000000000001,,,0.8188285840000002
random,29,"(2, 0, 4, 2, 0, 1)","(2, 1, 0, 1, 3, 1)",99.964,90.25,90.25,7.456931948661804,0.8673000000000001,,,0.8416020839999998
random,30,"(4, 3, 2, 4, 1, 3)","(2, 1, 0, 1, 3, 1)",99.964,90.25,90.25,7.456931948661804,0.8867,,,0.864169542
random,31,"(4, 1, 2, 3, 1, 0)","(2, 1, 0, 1, 3, 1)",99.964,90.25,90.25,7.456931948661804,0.8809999999999999,,,0.8863730419999998
random,32,"(3, 0, 2, 3, 2, 4)","(2, 1, 0, 1, 3, 1)",99.964,90.25,90.25,7.456931948661804,0.8808,,,0.9089500839999998
random,33,"(3, 4, 4, 0, 3, 1)","(2, 1, 0, 1, 3, 1)",99.964,90.25,90.25,7.456931948661804,0.8421,,,1.0183387919999998
random,34,"(4, 1, 2, 4, 2, 3)","(2, 1, 0, 1, 3, 1)",99.964,90.25,90.25,7.456931948661804,0.8794,,,1.0413908340000004
random,35,"(3, 0, 1, 4, 4, 2)","(2, 1, 0, 1, 3, 1)",99.964,90.25,90.25,7.456931948661804,0.8848,,,1.0643772499999997
random,36,"(1, 0, 3, 3, 2, 1)","(2, 1, 0, 1, 3, 1)",99.964,90.25,90.25,7.456931948661804,0.861,,,1.0871730839999998
random,37,"(3, 3, 2, 1, 4, 3)","(2, 1, 0, 1, 3, 1)",99.964,90.25,90.25,7.456931948661804,0.8804000000000001,,,1.1101175000000003
random,38,"(1, 3, 2, 0, 1, 1)","(2, 1, 0, 1, 3, 1)",99.964,90.25,90.25,7.456931948661804,0.8867,,,1.1329447090000002
random,39,"(0, 4, 0, 3, 1, 0)","(2, 1, 0, 1, 3, 1)",99.964,90.25,90.25,7.456931948661804,0.8217,,,1.1555120839999997
random,40,"(1, 2, 4, 4, 4, 0)","(2, 1, 0, 1, 3, 1)",99.964,90.25,90.25,7.456931948661804,0.8762000000000001,,,1.178214959
random,41,"(3, 2, 3, 4, 1, 2)","(2, 1, 0, 1, 3, 1)",99.964,90.25,90.25,7.456931948661804,0.8959,,,1.200542209
random,42,"(3, 2, 1, 4, 1, 0)","(2, 1, 0, 1, 3, 1)",99.964,90.25,90.25,7.456931948661804,0.8832,,,1.2230808340000001
random,43,"(2, 3, 0, 1, 2, 3)","(2, 3, 0, 1, 2, 3)",99.984,90.64,90.64,11.231087962786356,0.9064,,,1.2453888749999997
random,44,"(3, 1, 0, 1, 0, 4)","(2, 3, 0, 1, 2, 3)",99.984,90.64,90.64,11.231087962786356,0.8642,,,1.3541192090000003
random,45,"(0, 3, 4, 2, 3, 4)","(2, 3, 0, 1, 2, 3)",99.984,90.64,90.64,11.231087962786356,0.8571,,,1.3767817500000001
random,46,"(3, 3, 3, 2, 2, 3)","(2, 3, 0, 1, 2, 3)",99.984,90.64,90.64,11.231087962786356,0.8873000000000001,,,1.3993188750000005
random,47,"(2, 3, 2, 3, 2, 0)","(2, 3, 0, 1, 2, 3)",99.984,90.64,90.64,11.231087962786356,0.9007999999999999,,,1.421910542
random,48,"(3, 1, 3, 4, 0, 0)","(2, 3, 0, 1, 2, 3)",99.984,90.64,90.64,11.231087962786356,0.8542000000000001,,,1.443883542
random,49,"(4, 3, 1, 4, 0, 2)","(2, 3, 0, 1, 2, 3)",99.984,90.64,90.64,11.231087962786356,0.8578,,,1.4661462089999997
random,50,"(0, 3, 4, 1, 0, 1)","(2, 3, 0, 1, 2, 3)",99.984,90.64,90.64,11.231087962786356,0.7696,,,1.4887247920000002
re,1,"(4, 0, 3, 3, 3, 1)","(4, 0, 3, 3, 3, 1)",99.116,86.81,86.81,9.658029774824778,0.8681,,,0.15648116699999992
re,2,"(3, 2, 4, 0, 0, 4)","(4, 0, 3, 3, 3, 1)",99.116,86.81,86.81,9.658029774824778,0.8473999999999999,,,0.21634033299999977
re,3,"(2, 1, 0, 1, 1, 0)","(4, 0, 3, 3, 3, 1)",99.116,86.81,86.81,9.658029774824778,0.8401000000000001,,,0.2767538749999998
re,4,"(1, 4, 3, 0, 3, 0)","(4, 0, 3, 3, 3, 1)",99.116,86.81,86.81,9.658029774824778,0.8436,,,0.33732291699999983
re,5,"(2, 3, 0, 1, 3, 3)","(2, 3, 0, 1, 3, 3)",99.964,90.21,90.21,10.839458545049032,0.9020999999999999,,,0.3982014999999999
re,6,"(3, 0, 1, 1, 1, 0)","(2, 3, 0, 1, 3, 3)",99.964,90.21,90.21,10.839458545049032,0.8439,,,0.5726173750000001
re,7,"(2, 4, 3, 3, 2, 4)","(2, 3, 0, 1, 3, 3)",99.964,90.21,90.21,10.839458545049032,0.8802,,,0.6329587079999994
re,8,"(2, 0, 0, 4, 0, 4)","(2, 3, 0, 1, 3, 3)",99.964,90.21,90.21,10.839458545049032,0.8298000000000001,,,0.6936202079999996
re,9,"(1, 4, 1, 2, 2, 0)","(2, 3, 0, 1, 3, 3)",99.964,90.21,90.21,10.839458545049032,0.7182,,,0.7548201670000001
re,10,"(2, 3, 0, 3, 4, 1)","(2, 3, 0, 1, 3, 3)",99.964,90.21,90.21,10.839458545049032,0.8815999999999999,,,0.8164937500000002
re,11,"(2, 4, 3, 4, 4, 4)","(2, 3, 0, 1, 3, 3)",99.964,90.21,90.21,10.839458545049032,0.8367,,,0.8769673329999996
re,12,"(3, 4, 4, 4, 0, 4)","(2, 3, 0, 1, 3, 3)",99.964,90.21,90.21,10.839458545049032,0.7868,,,1.0728875000000002
re,13,"(3, 2, 0, 1, 1, 3)","(2, 3, 0, 1, 3, 3)",99.964,90.21,90.21,10.839458545049032,0.8962,,,1.1359172920000002
re,14,"(0, 0, 1, 2, 4, 2)","(2, 3, 0, 1, 3, 3)",99.964,90.21,90.21,10.839458545049032,0.8782,,,1.1966347500000003
re,15,"(0, 3, 2, 2, 0, 1)","(2, 3, 0, 1, 3, 3)",99.964,90.21,90.21,10.839458545049032,0.8875,,,1.2580275419999998
re,16,"(0, 2, 2, 3, 2, 3)","(2, 3, 0, 1, 3, 3)",99.964,90.21,90.21,10.839458545049032,0.8952,,,1.3217823749999997
re,17,"(2, 1, 2, 3, 3, 3)","(2, 3, 0, 1, 3, 3)",99.964,90.21,90.21,10.839458545049032,0.8954000000000001,,,1.383029583
re,18,"(2, 3, 4, 1, 2, 3)","(2, 3, 0, 1, 3, 3)",99.964,90.21,90.21,10.839458545049032,0.8917,,,1.6022017919999998
re,19,"(1, 2, 1, 4, 2, 3)","(2, 3, 0, 1, 3, 3)",99.964,90.21,90.21,10.839458545049032,0.8713,,,1.663600958
re,20,"(0, 3, 2, 3, 0, 0)","(2, 3, 0, 1, 3, 3)",99.964,90.21,90.21,10.839458545049032,0.8818,,,1.7297636249999995
re,21,"(0, 3, 2, 3, 0, 4)","(2, 3, 0, 1, 3, 3)",99.964,90.21,90.21,10.839458545049032,0.8875,,,1.795766125
re,22,"(0, 0, 2, 3, 2, 3)","(2, 3, 0, 1, 3, 3)",99.964,90.21,90.21,10.839458545049032,0.8915000000000001,,,1.858276417
re,23,"(0, 0, 0, 3, 0, 2)","(2, 3, 0, 1, 3, 3)",99.964,90.21,90.21,10.839458545049032,0.8475,,,1.921591458
re,24,"(2, 0, 4, 3, 4, 0)","(2, 3, 0, 1, 3, 3)",99.964,90.21,90.21,10.839458545049032,0.8559,,,1.9820631669999997
re,25,"(4, 3, 3, 4, 1, 3)","(2, 3, 0, 1, 3, 3)",99.964,90.21,90.21,10.839458545049032,0.8678,,,2.2419942500000003
re,26,"(0, 0, 0, 1, 0, 4)","(2, 3, 0, 1, 3, 3)",99.964,90.21,90.21,10.839458545049032,0.6429,,,2.30658675
re,27,"(1, 3, 1, 0, 0, 4)","(2, 3, 0, 1, 3, 3)",99.964,90.21,90.21,10.839458545049032,0.8269,,,2.3713218749999996
re,28,"(3, 3, 1, 0, 0, 1)","(2, 3, 0, 1, 3, 3)",99.964,90.21,90.21,10.839458545049032,0.8539,,,2.438516583
re,29,"(2, 0, 3, 1, 1, 4)","(2, 3, 0, 1, 3, 3)",99.964,90.21,90.21,10.839458545049032,0.8533,,,2.504417042
re,30,"(0, 0, 3, 2, 3, 2)","(2, 3, 0, 1, 3, 3)",99.964,90.21,90.21,10.839458545049032,0.8965000000000001,,,2.5709561249999995
re,31,"(1, 0, 3, 2, 3, 2)","(2, 3, 0, 1, 3, 3)",99.964,90.21,90.21,10.839458545049032,0.89,,,2.6340155000000003
re,32,"(0, 0, 3, 1, 3, 2)","(2, 3, 0, 1, 3, 3)",99.964,90.21,90.21,10.839458545049032,0.8904000000000001,,,2.699043582999999
re,33,"(2, 2, 2, 3, 3, 3)","(2, 3, 0, 1, 3, 3)",99.964,90.21,90.21,10.839458545049032,0.8981,,,3.011209
re,34,"(0, 0, 3, 1, 3, 2)","(2, 3, 0, 1, 3, 3)",99.964,90.21,90.21,10.839458545049032,0.8904000000000001,,,3.0743461670000007
re,35,"(2, 1, 2, 3, 3, 0)","(2, 3, 0, 1, 3, 3)",99.964,90.21,90.21,10.839458545049032,0.8941,,,3.1396787920000007
re,36,"(2, 0, 2, 3, 3, 3)","(2, 3, 0, 1, 3, 3)",99.964,90.21,90.21,10.839458545049032,0.9009,,,3.201632292
re,37,"(0, 0, 3, 1, 4, 2)","(2, 3, 0, 1, 3, 3)",99.964,90.21,90.21,10.839458545049032,0.8808,,,3.2650221250000007
re,38,"(2, 3, 0, 3, 4, 2)","(2, 3, 0, 1, 3, 3)",99.964,90.21,90.21,10.839458545049032,0.9012,,,3.3267054170000003
re,39,"(2, 3, 0, 2, 4, 2)","(2, 3, 0, 2, 4, 2)",99.996,90.38,90.38,12.74846355120341,0.9037999999999999,,,3.3908721250000005
re,40,"(2, 3, 0, 2, 4, 1)","(2, 3, 0, 2, 4, 2)",99.996,90.38,90.38,12.74846355120341,0.8779,,,3.4566322499999993
re,41,"(3, 3, 0, 2, 4, 2)","(3, 3, 0, 2, 4, 2)",99.984,90.9,90.9,12.176835040251413,0.909,,,3.5209559169999993
re,42,"(2, 3, 0, 2, 4, 4)","(3, 3, 0, 2, 4, 2)",99.984,90.9,90.9,12.176835040251413,0.9003,,,3.8515492500000006
re,43,"(0, 3, 0, 2, 4, 2)","(3, 3, 0, 2, 4, 2)",99.984,90.9,90.9,12.176835040251413,0.8587,,,3.911650333
re,44,"(2, 3, 0, 2, 0, 2)","(3, 3, 0, 2, 4, 2)",99.984,90.9,90.9,12.176835040251413,0.9078,,,3.9757963750000007
re,45,"(3, 3, 0, 2, 4, 0)","(3, 3, 0, 2, 4, 2)",99.984,90.9,90.9,12.176835040251413,0.8924,,,4.040360667000001
re,46,"(2, 3, 1, 2, 0, 2)","(3, 3, 0, 2, 4, 2)",99.984,90.9,90.9,12.176835040251413,0.8943000000000001,,,4.107669541999999
re,47,"(2, 3, 0, 2, 0, 3)","(3, 3, 0, 2, 4, 2)",99.984,90.9,90.9,12.176835040251413,0.9079999999999999,,,4.173672708000001
re,48,"(3, 3, 0, 2, 4, 0)","(3, 3, 0, 2, 4, 2)",99.984,90.9,90.9,12.176835040251413,0.8924,,,4.237600082999999
re,49,"(2, 3, 0, 2, 0, 1)","(3, 3, 0, 2, 4, 2)",99.984,90.9,90.9,12.176835040251413,0.8828,,,4.299686292
re,50,"(4, 3, 0, 2, 0, 2)","(3, 3, 0, 2, 4, 2)",99.984,90.9,90.9,12.176835040251413,0.8613,,,4.364940957999999
bananas,1,"(4, 0, 3, 3, 3, 1)","(4, 0, 3, 3, 3, 1)",99.116,86.81,86.81,9.658029774824778,0.8681,,,0.058942500000000564
bananas,2,"(3, 2, 4, 0, 0, 4)","(4, 0, 3, 3, 3, 1)",99.116,86.81,86.81,9.658029774824778,0.8473999999999999,,,0.11794870900000021
bananas,3,"(2, 1, 0, 1, 1, 0)","(4, 0, 3, 3, 3, 1)",99.116,86.81,86.81,9.658029774824778,0.8401000000000001,,,0.17731104199999947
bananas,4,"(1, 4, 3, 0, 3, 0)","(4, 0, 3, 3, 3, 1)",99.116,86.81,86.81,9.658029774824778,0.8436,,,0.2361892920000006
bananas,5,"(2, 3, 0, 1, 3, 3)","(2, 3, 0, 1, 3, 3)",99.964,90.21,90.21,10.839458545049032,0.9020999999999999,,,0.29826620899999945
bananas,6,"(3, 0, 1, 1, 1, 0)","(2, 3, 0, 1, 3, 3)",99.964,90.21,90.21,10.839458545049032,0.8439,,,0.48323112499999965
bananas,7,"(2, 4, 3, 3, 2, 4)","(2, 3, 0, 1, 3, 3)",99.964,90.21,90.21,10.839458545049032,0.8802,,,0.5496885840000001
bananas,8,"(2, 0, 0, 4, 0, 4)","(2, 3, 0, 1, 3, 3)",99.964,90.21,90.21,10.839458545049032,0.8298000000000001,,,0.6130903340000007
bananas,9,"(1, 4, 1, 2, 2, 0)","(2, 3, 0, 1, 3, 3)",99.964,90.21,90.21,10.839458545049032,0.7182,,,0.6750342499999995
bananas,10,"(2, 3, 0, 3, 4, 1)","(2, 3, 0, 1, 3, 3)",99.964,90.21,90.21,10.839458545049032,0.8815999999999999,,,0.7369748749999996
bananas,11,"(4, 4, 4, 0, 4, 3)","(2, 3, 0, 1, 3, 3)",99.964,90.21,90.21,10.839458545049032,0.7447,,,7.611138334000001
bananas,12,"(3, 2, 3, 3, 4, 2)","(2, 3, 0, 1, 3, 3)",99.964,90.21,90.21,10.839458545049032,0.8968,,,7.6348720839999995
bananas,13,"(3, 2, 2, 0, 4, 2)","(2, 3, 0, 1, 3, 3)",99.964,90.21,90.21,10.839458545049032,0.8931,,,7.658417459000001
bananas,14,"(3, 2, 3, 2, 4, 2)","(2, 3, 0, 1, 3, 3)",99.964,90.21,90.21,10.839458545049032,0.9005,,,7.682651958999999
bananas,15,"(2, 3, 1, 0, 3, 3)","(2, 3, 0, 1, 3, 3)",99.964,90.21,90.21,10.839458545049032,0.8819,,,7.7059464590000015
bananas,16,"(2, 3, 1, 1, 3, 3)","(2, 3, 0, 1, 3, 3)",99.964,90.21,90.21,10.839458545049032,0.8861,,,7.729043542000001
bananas,17,"(3, 4, 3, 3, 4, 2)","(2, 3, 0, 1, 3, 3)",99.964,90.21,90.21,10.839458545049032,0.8831,,,7.9244220840000015
bananas,18,"(2, 3, 4, 0, 4, 0)","(2, 3, 0, 1, 3, 3)",99.964,90.21,90.21,10.839458545049032,0.8712000000000001,,,7.948810291999999
bananas,19,"(3, 4, 3, 0, 4, 2)","(2, 3, 0, 1, 3, 3)",99.964,90.21,90.21,10.839458545049032,0.8818,,,7.972716042
bananas,20,"(3, 2, 2, 3, 4, 2)","(2, 3, 0, 1, 3, 3)",99.964,90.21,90.21,10.839458545049032,0.8898999999999999,,,7.996021791999999
bananas,21,"(4, 3, 0, 1, 0, 3)","(2, 3, 0, 1, 3, 3)",99.964,90.21,90.21,10.839458545049032,0.8501000000000001,,,14.794309334
bananas,22,"(2, 3, 0, 1, 2, 1)","(2, 3, 0, 1, 2, 1)",99.992,90.3,90.3,9.657959580421448,0.903,,,14.817979
bananas,23,"(3, 3, 0, 1, 3, 1)","(2, 3, 0, 1, 2, 1)",99.992,90.3,90.3,9.657959580421448,0.8718,,,14.841688709000001
bananas,24,"(3, 1, 0, 3, 0, 3)","(2, 3, 0, 1, 2, 1)",99.992,90.3,90.3,9.657959580421448,0.8706,,,14.865073084
bananas,25,"(4, 1, 0, 3, 0, 3)","(2, 3, 0, 1, 2, 1)",99.992,90.3,90.3,9.657959580421448,0.8343,,,14.888457625
bananas,26,"(3, 3, 0, 1, 2, 1)","(2, 3, 0, 1, 2, 1)",99.992,90.3,90.3,9.657959580421448,0.8934000000000001,,,14.912031042
bananas,27,"(4, 3, 0, 1, 2, 1)","(2, 3, 0, 1, 2, 1)",99.992,90.3,90.3,9.657959580421448,0.8654999999999999,,,14.935053209000001
bananas,28,"(0, 4, 3, 3, 4, 3)","(2, 3, 0, 1, 2, 1)",99.992,90.3,90.3,9.657959580421448,0.86,,,14.958476792
bananas,29,"(1, 3, 0, 1, 3, 1)","(2, 3, 0, 1, 2, 1)",99.992,90.3,90.3,9.657959580421448,0.8364,,,14.981933
bananas,30,"(1, 3, 0, 3, 3, 1)","(2, 3, 0, 1, 2, 1)",99.992,90.3,90.3,9.657959580421448,0.8384,,,15.004974709
bananas,31,"(3, 4, 0, 1, 4, 3)","(2, 3, 0, 1, 2, 1)",99.992,90.3,90.3,9.657959580421448,0.8676,,,21.881542500000002
bananas,32,"(2, 3, 0, 1, 2, 0)","(2, 3, 0, 1, 2, 0)",99.984,90.89,90.89,9.424267391363779,0.9089,,,21.904599667
bananas,33,"(3, 4, 0, 3, 4, 3)","(2, 3, 0, 1, 2, 0)",99.984,90.89,90.89,9.424267391363779,0.8733,,,21.927939375
bananas,34,"(3, 0, 1, 3, 0, 0)","(2, 3, 0, 1, 2, 0)",99.984,90.89,90.89,9.424267391363779,0.8694,,,21.951269417
bananas,35,"(3, 4, 0, 1, 0, 3)","(2, 3, 0, 1, 2, 0)",99.984,90.89,90.89,9.424267391363779,0.8706999999999999,,,22.215228417
bananas,36,"(3, 4, 0, 0, 4, 3)","(2, 3, 0, 1, 2, 0)",99.984,90.89,90.89,9.424267391363779,0.8740000000000001,,,22.239418375
bananas,37,"(3, 1, 0, 2, 0, 3)","(2, 3, 0, 1, 2, 0)",99.984,90.89,90.89,9.424267391363779,0.8996,,,22.262446624999995
bananas,38,"(3, 4, 0, 3, 3, 3)","(2, 3, 0, 1, 2, 0)",99.984,90.89,90.89,9.424267391363779,0.8829,,,22.285632958999997
bananas,39,"(3, 0, 1, 3, 4, 0)","(2, 3, 0, 1, 2, 0)",99.984,90.89,90.89,9.424267391363779,0.8711,,,22.308953459
bananas,40,"(3, 4, 0, 2, 4, 3)","(2, 3, 0, 1, 2, 0)",99.984,90.89,90.89,9.424267391363779,0.8916,,,22.332227834
bananas,41,"(2, 3, 0, 1, 2, 1)","(2, 3, 0, 1, 2, 0)",99.984,90.89,90.89,9.424267391363779,0.903,,,31.234144209
bananas,42,"(4, 1, 0, 2, 3, 1)","(2, 3, 0, 1, 2, 0)",99.984,90.89,90.89,9.424267391363779,0.853,,,31.258028916999997
bananas,43,"(2, 4, 3, 0, 2, 0)","(2, 3, 0, 1, 2, 0)",99.984,90.89,90.89,9.424267391363779,0.8848,,,31.281713875
bananas,44,"(2, 0, 0, 1, 2, 1)","(2, 3, 0, 1, 2, 0)",99.984,90.89,90.89,9.424267391363779,0.9074,,,31.305202
bananas,45,"(3, 1, 0, 2, 3, 0)","(2, 3, 0, 1, 2, 0)",99.984,90.89,90.89,9.424267391363779,0.8922,,,31.328579999999995
bananas,46,"(2, 3, 0, 1, 2, 4)","(2, 3, 0, 1, 2, 0)",99.984,90.89,90.89,9.424267391363779,0.9067000000000001,,,31.351994958999995
bananas,47,"(2, 4, 0, 4, 2, 2)","(2, 3, 0, 1, 2, 0)",99.984,90.89,90.89,9.424267391363779,0.9063,,,31.375674624999995
bananas,48,"(3, 1, 0, 2, 2, 0)","(2, 3, 0, 1, 2, 0)",99.984,90.89,90.89,9.424267391363779,0.8935,,,31.399411709
bananas,49,"(2, 0, 0, 4, 2, 2)","(2, 0, 0, 4, 2, 2)",99.996,90.92,90.92,10.922529677549997,0.9092,,,31.422893584
bananas,50,"(4, 2, 0, 2, 3, 1)","(2, 0, 0, 4, 2, 2)",99.996,90.92,90.92,10.922529677549997,0.8532,,,31.446659959
rl,1,"(4, 3, 2, 0, 0, 0)","(4, 3, 2, 0, 0, 0)",92.58399997558594,82.9,82.9,7.625387211640675,0.8290000000000001,-0.0961923748254776,9.619237899780273,0.04620020800000191
rl,2,"(3, 1, 2, 3, 0, 2)","(3, 1, 2, 3, 0, 2)",99.948,88.84,88.84,11.369333028793335,0.8884000000000001,0.4775083363056183,9.609906196594238,0.0721449170000028
rl,3,"(4, 2, 0, 0, 3, 1)","(3, 1, 2, 3, 0, 2)",99.948,88.84,88.84,11.369333028793335,0.8553000000000001,0.09457436203956604,9.625190734863281,0.09748554200000115
rl,4,"(2, 3, 0, 1, 3, 0)","(2, 3, 0, 1, 3, 0)",99.976,90.52,90.52,8.88131445646286,0.9052,0.5534489750862122,9.61496639251709,0.12353179200000142
rl,5,"(0, 0, 1, 0, 3, 3)","(2, 3, 0, 1, 3, 0)",99.976,90.52,90.52,8.88131445646286,0.862,0.07595460116863251,9.627035140991211,0.1480565000000027
rl,6,"(0, 3, 0, 2, 3, 1)","(2, 3, 0, 1, 3, 0)",99.976,90.52,90.52,8.88131445646286,0.8695999999999999,0.12730565667152405,9.628740310668945,0.17229970800000416
rl,7,"(4, 1, 3, 3, 0, 4)","(2, 3, 0, 1, 3, 0)",99.976,90.52,90.52,8.88131445646286,0.852,-0.05822641775012016,9.607609748840332,0.19643529200000387
rl,8,"(3, 2, 4, 3, 0, 4)","(2, 3, 0, 1, 3, 0)",99.976,90.52,90.52,8.88131445646286,0.866,0.07295353710651398,9.61569881439209,0.22051441700000396
rl,9,"(0, 2, 2, 1, 3, 1)","(2, 3, 0, 1, 3, 0)",99.976,90.52,90.52,8.88131445646286,0.8911,0.3049291670322418,9.611173629760742,0.24474058300000223
rl,10,"(1, 1, 2, 1, 4, 2)","(2, 3, 0, 1, 3, 0)",99.976,90.52,90.52,8.88131445646286,0.8864,0.23755326867103577,9.58121109008789,0.26883541700000535
rl,11,"(3, 1, 3, 2, 3, 1)","(2, 3, 0, 1, 3, 0)",99.976,90.52,90.52,8.88131445646286,0.853,-0.1404181867837906,9.60718822479248,0.29306266700000094
rl,12,"(4, 0, 1, 4, 0, 0)","(2, 3, 0, 1, 3, 0)",99.976,90.52,90.52,8.88131445646286,0.5692,-2.751807928085327,9.619614601135254,0.3171332500000048
rl,13,"(4, 3, 4, 2, 0, 1)","(2, 3, 0, 1, 3, 0)",99.976,90.52,90.52,8.88131445646286,0.6905,-1.4085369110107422,9.618940353393555,0.3413035000000022
rl,14,"(0, 0, 2, 2, 3, 2)","(2, 3, 0, 1, 3, 0)",99.976,90.52,90.52,8.88131445646286,0.8987999999999999,0.6952060461044312,9.628341674804688,0.3653647500000048
rl,15,"(2, 0, 3, 2, 3, 4)","(2, 3, 0, 1, 3, 0)",99.976,90.52,90.52,8.88131445646286,0.8858,0.5128387808799744,9.622512817382812,0.3895314170000006
rl,16,"(3, 3, 3, 1, 3, 4)","(2, 3, 0, 1, 3, 0)",99.976,90.52,90.52,8.88131445646286,0.8703,0.30603834986686707,9.60373592376709,0.41378695800000287
rl,17,"(2, 3, 2, 4, 0, 3)","(2, 3, 0, 1, 3, 0)",99.976,90.52,90.52,8.88131445646286,0.8892,0.4432571232318878,9.614934921264648,0.43796666700000486
rl,18,"(4, 0, 1, 0, 0, 0)","(2, 3, 0, 1, 3, 0)",99.976,90.52,90.52,8.88131445646286,0.6122,-2.2014684677124023,9.62147045135498,0.46216891700000673
rl,19,"(4, 0, 3, 1, 1, 3)","(2, 3, 0, 1, 3, 0)",99.976,90.52,90.52,8.88131445646286,0.8556999999999999,0.2798311710357666,9.61607551574707,0.588653750000006
rl,20,"(0, 0, 3, 1, 1, 3)","(2, 3, 0, 1, 3, 0)",99.976,90.52,90.52,8.88131445646286,0.8568000000000001,0.2533153295516968,9.62088394165039,0.6141960830000031
rl,21,"(1, 2, 3, 2, 3, 0)","(2, 3, 0, 1, 3, 0)",99.976,90.52,90.52,8.88131445646286,0.8912,0.5620446801185608,9.609074592590332,0.6392092500000004
rl,22,"(2, 0, 4, 1, 4, 4)","(2, 3, 0, 1, 3, 0)",99.976,90.52,90.52,8.88131445646286,0.8206,-0.19581615924835205,9.616903305053711,0.6648997500000036
rl,23,"(3, 3, 1, 1, 3, 0)","(2, 3, 0, 1, 3, 0)",99.976,90.52,90.52,8.88131445646286,0.8621,0.21498560905456543,9.605855941772461,0.6905661250000037
rl,24,"(4, 1, 3, 4, 3, 2)","(2, 3, 0, 1, 3, 0)",99.976,90.52,90.52,8.88131445646286,0.8722,0.2872486412525177,9.611784934997559,0.716274625000004
rl,25,"(4, 0, 2, 2, 0, 3)","(2, 3, 0, 1, 3, 0)",99.976,90.52,90.52,8.88131445646286,0.8798999999999999,0.29570406675338745,9.622676849365234,0.742209625000001
rl,26,"(4, 4, 3, 3, 4, 0)","(2, 3, 0, 1, 3, 0)",99.976,90.52,90.52,8.88131445646286,0.7965000000000001,-0.5167785882949829,9.616483688354492,0.768265250000006
rl,27,"(2, 0, 1, 2, 4, 2)","(2, 3, 0, 1, 3, 0)",99.976,90.52,90.52,8.88131445646286,0.8875,0.4062921404838562,9.61876106262207,0.7944412920000019
rl,28,"(3, 1, 2, 3, 3, 3)","(2, 3, 0, 1, 3, 0)",99.976,90.52,90.52,8.88131445646286,0.8843000000000001,0.3196989595890045,9.613118171691895,0.8205904580000052
rl,29,"(3, 0, 3, 4, 3, 0)","(2, 3, 0, 1, 3, 0)",99.976,90.52,90.52,8.88131445646286,0.8715,0.14030854403972626,9.622620582580566,0.8467210000000023
rl,30,"(0, 4, 3, 2, 3, 4)","(2, 3, 0, 1, 3, 0)",99.976,90.52,90.52,8.88131445646286,0.8536,-0.047784216701984406,9.625256538391113,0.8725811669999999
rl,31,"(4, 2, 1, 4, 2, 3)","(2, 3, 0, 1, 3, 0)",99.976,90.52,90.52,8.88131445646286,0.8619,0.02854282408952713,9.610547065734863,0.9918981670000022
rl,32,"(4, 2, 1, 3, 1, 3)","(2, 3, 0, 1, 3, 0)",99.976,90.52,90.52,8.88131445646286,0.8733,0.12842555344104767,9.60647201538086,1.0181232920000056
rl,33,"(4, 3, 4, 4, 0, 1)","(2, 3, 0, 1, 3, 0)",99.976,90.52,90.52,8.88131445646286,0.7169,-1.4155128002166748,9.615904808044434,1.0447272080000047
rl,34,"(1, 1, 2, 2, 1, 3)","(2, 3, 0, 1, 3, 0)",99.976,90.52,90.52,8.88131445646286,0.8864,0.392801433801651,9.598577499389648,1.0707701250000028
rl,35,"(2, 0, 4, 4, 2, 2)","(2, 3, 0, 1, 3, 0)",99.976,90.52,90.52,8.88131445646286,0.8878,0.3365165889263153,9.618762016296387,1.0965595830000012
rl,36,"(3, 3, 2, 4, 0, 2)","(2, 3, 0, 1, 3, 0)",99.976,90.52,90.52,8.88131445646286,0.8929,0.327197790145874,9.613235473632812,1.1230122080000058
rl,37,"(2, 3, 4, 2, 0, 4)","(2, 3, 0, 1, 3, 0)",99.976,90.52,90.52,8.88131445646286,0.8781,0.15389931201934814,9.616110801696777,1.148600375000001
rl,38,"(4, 3, 0, 0, 1, 4)","(2, 3, 0, 1, 3, 0)",99.976,90.52,90.52,8.88131445646286,0.7934,-0.680674135684967,9.618623733520508,1.1744666250000009
rl,39,"(2, 3, 4, 3, 0, 3)","(2, 3, 0, 1, 3, 0)",99.976,90.52,90.52,8.88131445646286,0.8837999999999999,0.2325182408094406,9.615863800048828,1.2001302920000043
rl,40,"(3, 2, 1, 4, 2, 2)","(2, 3, 0, 1, 3, 0)",99.976,90.52,90.52,8.88131445646286,0.8808,0.18368366360664368,9.61235523223877,1.2260257080000017
rl,41,"(3, 0, 2, 2, 4, 3)","(2, 3, 0, 1, 3, 0)",99.976,90.52,90.52,8.88131445646286,0.8948999999999999,0.2717819809913635,9.620841026306152,1.2516310830000066
rl,42,"(1, 0, 3, 3, 0, 3)","(2, 3, 0, 1, 3, 0)",99.976,90.52,90.52,8.88131445646286,0.8622,-0.06911821663379669,9.616374969482422,1.3683479170000012
rl,43,"(3, 1, 4, 0, 2, 3)","(2, 3, 0, 1, 3, 0)",99.976,90.52,90.52,8.88131445646286,0.8726999999999999,0.025312528014183044,9.617735862731934,1.3937620000000024
rl,44,"(3, 0, 3, 2, 2, 1)","(2, 3, 0, 1, 3, 0)",99.976,90.52,90.52,8.88131445646286,0.8895000000000001,0.1786659061908722,9.62291145324707,1.4185896250000027
rl,45,"(2, 1, 0, 0, 0, 3)","(2, 3, 0, 1, 3, 0)",99.976,90.52,90.52,8.88131445646286,0.899,0.24330437183380127,9.604447364807129,1.44303575
rl,46,"(4, 0, 4, 0, 2, 2)","(2, 3, 0, 1, 3, 0)",99.976,90.52,90.52,8.88131445646286,0.8584999999999999,-0.17745345830917358,9.61422061920166,1.4670106250000003
rl,47,"(1, 4, 3, 0, 4, 1)","(2, 3, 0, 1, 3, 0)",99.976,90.52,90.52,8.88131445646286,0.8545999999999999,-0.21082231402397156,9.61362075805664,1.4920069170000048
rl,48,"(2, 4, 2, 1, 3, 0)","(2, 3, 0, 1, 3, 0)",99.976,90.52,90.52,8.88131445646286,0.8946,0.1875702142715454,9.609380722045898,1.5159670419999998
rl,49,"(3, 3, 4, 1, 4, 0)","(2, 3, 0, 1, 3, 0)",99.976,90.52,90.52,8.88131445646286,0.8515999999999999,-0.2568994164466858,9.615707397460938,1.5403232500000001
rl,50,"(4, 4, 0, 0, 4, 1)","(2, 3, 0, 1, 3, 0)",99.976,90.52,90.52,8.88131445646286,0.7694,-1.0501090288162231,9.607090950012207,1.5647940000000062
darts_proxy,1,"(4, 2, 3, 0, 4, 2)","(4, 2, 3, 0, 4, 2)",99.9,86.56,86.56,11.520736118157705,0.8656,0.0,9.656627655029297,0.029032707999995466
darts_proxy,2,"(2, 2, 0, 2, 3, 2)","(2, 2, 0, 2, 3, 2)",99.976,91.32,91.32,14.030071238676706,0.9131999999999999,0.006933723576366901,9.656627655029297,0.06179591699999776
darts_proxy,3,"(4, 2, 3, 4, 1, 3)","(2, 2, 0, 2, 3, 2)",99.976,91.32,91.32,14.030071238676706,0.888,0.0002675778523553163,9.656627655029297,0.18275358300000022
darts_proxy,4,"(3, 2, 0, 2, 4, 2)","(2, 2, 0, 2, 3, 2)",99.976,91.32,91.32,14.030071238676706,0.9097,8.880446330294944e-06,9.656627655029297,0.21227212499999837
darts_proxy,5,"(0, 3, 0, 1, 3, 4)","(2, 2, 0, 2, 3, 2)",99.976,91.32,91.32,14.030071238676706,0.87,0.0001897896290756762,9.656627655029297,0.24120774999999384
darts_proxy,6,"(0, 2, 2, 2, 1, 0)","(2, 2, 0, 2, 3, 2)",99.976,91.32,91.32,14.030071238676706,0.8885,4.060712308273651e-05,9.656627655029297,0.26997245799999803
darts_proxy,7,"(1, 3, 1, 2, 3, 2)","(2, 2, 0, 2, 3, 2)",99.976,91.32,91.32,14.030071238676706,0.8713,2.57308165600989e-05,9.656627655029297,0.29888420799999693
darts_proxy,8,"(2, 0, 3, 1, 3, 1)","(2, 2, 0, 2, 3, 2)",99.976,91.32,91.32,14.030071238676706,0.895,5.444664111564634e-06,9.656627655029297,0.32763924999999716
darts_proxy,9,"(4, 2, 2, 0, 2, 3)","(2, 2, 0, 2, 3, 2)",99.976,91.32,91.32,14.030071238676706,0.889,3.0848034384689527e-06,9.656627655029297,0.3565204169999987
darts_proxy,10,"(3, 2, 1, 2, 1, 3)","(2, 2, 0, 2, 3, 2)",99.976,91.32,91.32,14.030071238676706,0.8681,-0.7003887891769409,9.656627655029297,0.38823654199999424
darts_proxy,11,"(4, 4, 3, 1, 3, 0)","(2, 2, 0, 2, 3, 2)",99.976,91.32,91.32,14.030071238676706,0.8536,-0.7119503617286682,9.656340599060059,0.4174012499999975
darts_proxy,12,"(1, 2, 0, 1, 1, 4)","(2, 2, 0, 2, 3, 2)",99.976,91.32,91.32,14.030071238676706,0.875,-0.713300883769989,9.655488967895508,0.4467630419999935
darts_proxy,13,"(4, 2, 1, 1, 4, 1)","(2, 2, 0, 2, 3, 2)",99.976,91.32,91.32,14.030071238676706,0.6335000000000001,-0.7048046588897705,9.654080390930176,0.47591820799999596
darts_proxy,14,"(0, 0, 3, 3, 2, 3)","(2, 2, 0, 2, 3, 2)",99.976,91.32,91.32,14.030071238676706,0.8891,-0.7403578758239746,9.65218448638916,0.5995205830000003
darts_proxy,15,"(4, 1, 4, 2, 1, 3)","(2, 2, 0, 2, 3, 2)",99.976,91.32,91.32,14.030071238676706,0.8338,-0.75956130027771,9.649885177612305,0.6296281669999999
darts_proxy,16,"(1, 1, 2, 2, 1, 3)","(2, 2, 0, 2, 3, 2)",99.976,91.32,91.32,14.030071238676706,0.8864,-0.7608006596565247,9.647224426269531,0.6618634579999991
darts_proxy,17,"(4, 1, 2, 3, 3, 1)","(2, 2, 0, 2, 3, 2)",99.976,91.32,91.32,14.030071238676706,0.8834000000000001,-0.7720369696617126,9.644210815429688,0.6934207499999943
darts_proxy,18,"(1, 4, 1, 1, 4, 3)","(2, 2, 0, 2, 3, 2)",99.976,91.32,91.32,14.030071238676706,0.7382,-0.7744356989860535,9.640853881835938,0.724975416999996
darts_proxy,19,"(0, 0, 2, 0, 4, 4)","(2, 2, 0, 2, 3, 2)",99.976,91.32,91.32,14.030071238676706,0.7345999999999999,-0.766263484954834,9.637155532836914,0.7568380419999983
darts_proxy,20,"(2, 0, 2, 0, 3, 0)","(2, 2, 0, 2, 3, 2)",99.976,91.32,91.32,14.030071238676706,0.8998,-0.77527916431427,9.63313102722168,0.7889262499999958
darts_proxy,21,"(1, 2, 0, 4, 2, 3)","(2, 2, 0, 2, 3, 2)",99.976,91.32,91.32,14.030071238676706,0.9018,-0.7790894508361816,9.628786087036133,0.8210536669999939
darts_proxy,22,"(2, 2, 2, 0, 3, 3)","(2, 2, 0, 2, 3, 2)",99.976,91.32,91.32,14.030071238676706,0.8969,-0.7809924483299255,9.624161720275879,0.8530623329999969
darts_proxy,23,"(3, 0, 3, 4, 3, 1)","(2, 2, 0, 2, 3, 2)",99.976,91.32,91.32,14.030071238676706,0.8583,-0.7821812629699707,9.6192626953125,0.8848790829999942
darts_proxy,24,"(3, 1, 3, 4, 3, 4)","(2, 2, 0, 2, 3, 2)",99.976,91.32,91.32,14.030071238676706,0.8713,-0.7859987616539001,9.614089012145996,0.9173479579999935
darts_proxy,25,"(4, 4, 2, 3, 3, 1)","(2, 2, 0, 2, 3, 2)",99.976,91.32,91.32,14.030071238676706,0.8808,-0.7958456873893738,9.608642578125,1.042745999999994
darts_proxy,26,"(0, 3, 3, 1, 0, 0)","(2, 2, 0, 2, 3, 2)",99.976,91.32,91.32,14.030071238676706,0.8613,-0.8167543411254883,9.602869033813477,1.0745685419999944
darts_proxy,27,"(3, 2, 3, 3, 0, 4)","(2, 2, 0, 2, 3, 2)",99.976,91.32,91.32,14.030071238676706,0.8832,-0.8257520198822021,9.596806526184082,1.1060241249999976
darts_proxy,28,"(4, 0, 1, 3, 1, 4)","(2, 2, 0, 2, 3, 2)",99.976,91.32,91.32,14.030071238676706,0.7436,-0.8279693722724915,9.59051513671875,1.1381437499999976
darts_proxy,29,"(3, 4, 2, 1, 0, 2)","(2, 2, 0, 2, 3, 2)",99.976,91.32,91.32,14.030071238676706,0.8887999999999999,-0.8337876796722412,9.583993911743164,1.1694920419999946
darts_proxy,30,"(2, 3, 3, 1, 4, 4)","(2, 2, 0, 2, 3, 2)",99.976,91.32,91.32,14.030071238676706,0.8764,-0.8355176448822021,9.577241897583008,1.2007959580000005
darts_proxy,31,"(3, 1, 2, 0, 3, 4)","(2, 2, 0, 2, 3, 2)",99.976,91.32,91.32,14.030071238676706,0.8887,-0.8364284634590149,9.570258140563965,1.2327674579999979
darts_proxy,32,"(2, 3, 3, 1, 2, 4)","(2, 2, 0, 2, 3, 2)",99.976,91.32,91.32,14.030071238676706,0.8981,-0.8397682905197144,9.56301498413086,1.2636336669999935
darts_proxy,33,"(4, 2, 0, 4, 0, 0)","(2, 2, 0, 2, 3, 2)",99.976,91.32,91.32,14.030071238676706,0.74,-0.8361700177192688,9.555545806884766,1.2951243329999969
darts_proxy,34,"(4, 4, 3, 1, 4, 2)","(2, 2, 0, 2, 3, 2)",99.976,91.32,91.32,14.030071238676706,0.8356999999999999,-0.8371293544769287,9.54780387878418,1.3263099999999994
darts_proxy,35,"(0, 2, 2, 4, 1, 2)","(2, 2, 0, 2, 3, 2)",99.976,91.32,91.32,14.030071238676706,0.8898,-0.8381198644638062,9.539785385131836,1.3557853749999964
darts_proxy,36,"(4, 0, 3, 0, 1, 2)","(2, 2, 0, 2, 3, 2)",99.976,91.32,91.32,14.030071238676706,0.8878,-0.8386838436126709,9.531486511230469,1.471642832999997
darts_proxy,37,"(2, 3, 1, 3, 4, 4)","(2, 2, 0, 2, 3, 2)",99.976,91.32,91.32,14.030071238676706,0.8658,-0.8498690724372864,9.522871017456055,1.5009715829999948
darts_proxy,38,"(3, 3, 2, 2, 3, 2)","(2, 2, 0, 2, 3, 2)",99.976,91.32,91.32,14.030071238676706,0.8948999999999999,-0.8506600856781006,9.513973236083984,1.530129291999998
darts_proxy,39,"(1, 1, 0, 2, 4, 3)","(2, 2, 0, 2, 3, 2)",99.976,91.32,91.32,14.030071238676706,0.8423,-0.8525177240371704,9.504814147949219,1.5593552079999995
darts_proxy,40,"(3, 0, 0, 2, 1, 0)","(2, 2, 0, 2, 3, 2)",99.976,91.32,91.32,14.030071238676706,0.8543000000000001,-0.854255735874176,9.495367050170898,1.5886520829999995
darts_proxy,41,"(3, 0, 4, 4, 4, 2)","(2, 2, 0, 2, 3, 2)",99.976,91.32,91.32,14.030071238676706,0.8731,-0.8505181074142456,9.485607147216797,1.618075791999999
darts_proxy,42,"(3, 3, 0, 4, 3, 1)","(2, 2, 0, 2, 3, 2)",99.976,91.32,91.32,14.030071238676706,0.8754000000000001,-0.8541107773780823,9.475508689880371,1.6475661669999937
darts_proxy,43,"(1, 4, 3, 4, 3, 4)","(2, 2, 0, 2, 3, 2)",99.976,91.32,91.32,14.030071238676706,0.8381000000000001,-0.8556022644042969,9.465051651000977,1.677288874999995
darts_proxy,44,"(2, 3, 0, 4, 4, 3)","(2, 2, 0, 2, 3, 2)",99.976,91.32,91.32,14.030071238676706,0.8915000000000001,-0.8547631502151489,9.4542236328125,1.7065097079999987
darts_proxy,45,"(3, 4, 3, 1, 4, 4)","(2, 2, 0, 2, 3, 2)",99.976,91.32,91.32,14.030071238676706,0.835,-0.8568178415298462,9.44310188293457,1.7381270829999949
darts_proxy,46,"(1, 4, 0, 3, 4, 1)","(2, 2, 0, 2, 3, 2)",99.976,91.32,91.32,14.030071238676706,0.8378,-0.8593132495880127,9.431694984436035,1.8620082919999987
darts_proxy,47,"(3, 4, 1, 4, 4, 0)","(2, 2, 0, 2, 3, 2)",99.976,91.32,91.32,14.030071238676706,0.8088,-0.8613962531089783,9.420014381408691,1.8949053750000004
darts_proxy,48,"(3, 4, 1, 4, 1, 0)","(2, 2, 0, 2, 3, 2)",99.976,91.32,91.32,14.030071238676706,0.8303,-0.8637852072715759,9.40809440612793,1.9258964579999969
darts_proxy,49,"(4, 2, 2, 2, 4, 3)","(2, 2, 0, 2, 3, 2)",99.976,91.32,91.32,14.030071238676706,0.8812000000000001,-0.8658137321472168,9.395927429199219,1.959176707999994
darts_proxy,50,"(1, 3, 4, 4, 3, 0)","(2, 2, 0, 2, 3, 2)",99.976,91.32,91.32,14.030071238676706,0.8464,-0.8685001134872437,9.383520126342773,1.9936482079999962
