optimizer,epoch,train_acc,val_acc,test_acc,train_time,wall_time_sec,best_arch
re,1,99.116,86.81,86.81,9.658029774824778,0.03822133300000008,"(4, 0, 3, 3, 3, 1)"
re,2,99.116,86.81,86.81,9.658029774824778,0.07564887500000017,"(4, 0, 3, 3, 3, 1)"
re,3,99.116,86.81,86.81,9.658029774824778,0.11314258300000013,"(4, 0, 3, 3, 3, 1)"
re,4,99.116,86.81,86.81,9.658029774824778,0.1509710000000002,"(4, 0, 3, 3, 3, 1)"
re,5,99.964,90.21,90.21,10.839458545049032,0.18925070800000032,"(2, 3, 0, 1, 3, 3)"
re,6,99.964,90.21,90.21,10.839458545049032,0.3430528330000002,"(2, 3, 0, 1, 3, 3)"
re,7,99.964,90.21,90.21,10.839458545049032,0.3802337499999999,"(2, 3, 0, 1, 3, 3)"
re,8,99.964,90.21,90.21,10.839458545049032,0.4184927919999999,"(2, 3, 0, 1, 3, 3)"
re,9,99.964,90.21,90.21,10.839458545049032,0.456091083,"(2, 3, 0, 1, 3, 3)"
re,10,99.964,90.21,90.21,10.839458545049032,0.4953660420000001,"(2, 3, 0, 1, 3, 3)"
re,11,99.964,90.21,90.21,10.839458545049032,0.5337934580000003,"(2, 3, 0, 1, 3, 3)"
re,12,99.964,90.21,90.21,10.839458545049032,0.5707574580000006,"(2, 3, 0, 1, 3, 3)"
re,13,99.964,90.21,90.21,10.839458545049032,0.6091041250000004,"(2, 3, 0, 1, 3, 3)"
re,14,99.964,90.21,90.21,10.839458545049032,0.6469942500000001,"(2, 3, 0, 1, 3, 3)"
re,15,99.964,90.21,90.21,10.839458545049032,0.8244423329999999,"(2, 3, 0, 1, 3, 3)"
re,16,99.964,90.21,90.21,10.839458545049032,0.8630296249999998,"(2, 3, 0, 1, 3, 3)"
re,17,99.964,90.21,90.21,10.839458545049032,0.9012073749999998,"(2, 3, 0, 1, 3, 3)"
re,18,99.964,90.21,90.21,10.839458545049032,0.9396444169999998,"(2, 3, 0, 1, 3, 3)"
re,19,99.964,90.21,90.21,10.839458545049032,0.9782791249999998,"(2, 3, 0, 1, 3, 3)"
re,20,99.964,90.21,90.21,10.839458545049032,1.016922583,"(2, 3, 0, 1, 3, 3)"
re,21,99.964,90.21,90.21,10.839458545049032,1.054918125,"(2, 3, 0, 1, 3, 3)"
re,22,99.964,90.21,90.21,10.839458545049032,1.0924169999999997,"(2, 3, 0, 1, 3, 3)"
re,23,99.964,90.21,90.21,10.839458545049032,1.1304341670000002,"(2, 3, 0, 1, 3, 3)"
re,24,99.964,90.21,90.21,10.839458545049032,1.1682396670000004,"(2, 3, 0, 1, 3, 3)"
re,25,99.964,90.21,90.21,10.839458545049032,1.2057833749999998,"(2, 3, 0, 1, 3, 3)"
re,26,99.964,90.21,90.21,10.839458545049032,1.2439011250000003,"(2, 3, 0, 1, 3, 3)"
re,27,99.964,90.21,90.21,10.839458545049032,1.4668005000000002,"(2, 3, 0, 1, 3, 3)"
re,28,99.964,90.21,90.21,10.839458545049032,1.5044865,"(2, 3, 0, 1, 3, 3)"
re,29,99.964,90.21,90.21,10.839458545049032,1.5430256249999998,"(2, 3, 0, 1, 3, 3)"
re,30,99.964,90.21,90.21,10.839458545049032,1.5812151670000003,"(2, 3, 0, 1, 3, 3)"
re,31,99.964,90.21,90.21,10.839458545049032,1.6196697500000004,"(2, 3, 0, 1, 3, 3)"
re,32,99.964,90.21,90.21,10.839458545049032,1.6571363749999999,"(2, 3, 0, 1, 3, 3)"
re,33,99.964,90.21,90.21,10.839458545049032,1.693781,"(2, 3, 0, 1, 3, 3)"
re,34,99.964,90.21,90.21,10.839458545049032,1.730421083,"(2, 3, 0, 1, 3, 3)"
re,35,99.964,90.21,90.21,10.839458545049032,1.7673295420000001,"(2, 3, 0, 1, 3, 3)"
re,36,99.964,90.21,90.21,10.839458545049032,1.8050827919999999,"(2, 3, 0, 1, 3, 3)"
re,37,99.964,90.21,90.21,10.839458545049032,1.8425406670000002,"(2, 3, 0, 1, 3, 3)"
re,38,99.964,90.21,90.21,10.839458545049032,1.8791622499999998,"(2, 3, 0, 1, 3, 3)"
re,39,99.996,90.38,90.38,12.74846355120341,1.9160603330000003,"(2, 3, 0, 2, 4, 2)"
re,40,99.996,90.38,90.38,12.74846355120341,1.953200833,"(2, 3, 0, 2, 4, 2)"
re,41,99.984,90.9,90.9,12.176835040251413,2.23990425,"(3, 3, 0, 2, 4, 2)"
re,42,99.984,90.9,90.9,12.176835040251413,2.279116875,"(3, 3, 0, 2, 4, 2)"
re,43,99.984,90.9,90.9,12.176835040251413,2.3175017920000003,"(3, 3, 0, 2, 4, 2)"
re,44,99.984,90.9,90.9,12.176835040251413,2.357468833,"(3, 3, 0, 2, 4, 2)"
re,45,99.984,90.9,90.9,12.176835040251413,2.3956558750000005,"(3, 3, 0, 2, 4, 2)"
re,46,99.984,90.9,90.9,12.176835040251413,2.434101875,"(3, 3, 0, 2, 4, 2)"
re,47,99.984,90.9,90.9,12.176835040251413,2.472699375,"(3, 3, 0, 2, 4, 2)"
re,48,99.984,90.9,90.9,12.176835040251413,2.5104631670000006,"(3, 3, 0, 2, 4, 2)"
re,49,99.984,90.9,90.9,12.176835040251413,2.5495710830000005,"(3, 3, 0, 2, 4, 2)"
re,50,99.984,90.9,90.9,12.176835040251413,2.588772792,"(3, 3, 0, 2, 4, 2)"
re,51,99.984,90.9,90.9,12.176835040251413,2.6268117080000004,"(3, 3, 0, 2, 4, 2)"
re,52,99.984,90.9,90.9,12.176835040251413,2.665836708,"(3, 3, 0, 2, 4, 2)"
re,53,99.984,90.9,90.9,12.176835040251413,2.7045493750000005,"(3, 3, 0, 2, 4, 2)"
re,54,99.984,90.9,90.9,12.176835040251413,2.7421066670000003,"(3, 3, 0, 2, 4, 2)"
re,55,99.984,90.9,90.9,12.176835040251413,2.779005417,"(3, 3, 0, 2, 4, 2)"
re,56,99.984,90.9,90.9,12.176835040251413,2.8161335,"(3, 3, 0, 2, 4, 2)"
re,57,99.984,90.9,90.9,12.176835040251413,3.152002375,"(3, 3, 0, 2, 4, 2)"
re,58,99.984,90.9,90.9,12.176835040251413,3.1889813330000005,"(3, 3, 0, 2, 4, 2)"
re,59,99.984,90.9,90.9,12.176835040251413,3.2257530000000005,"(3, 3, 0, 2, 4, 2)"
re,60,99.984,90.9,90.9,12.176835040251413,3.263145417,"(3, 3, 0, 2, 4, 2)"
re,61,99.984,90.9,90.9,12.176835040251413,3.299668708,"(3, 3, 0, 2, 4, 2)"
re,62,99.984,90.9,90.9,12.176835040251413,3.336498375,"(3, 3, 0, 2, 4, 2)"
re,63,99.984,90.9,90.9,12.176835040251413,3.373393583,"(3, 3, 0, 2, 4, 2)"
re,64,99.984,90.9,90.9,12.176835040251413,3.411949208,"(3, 3, 0, 2, 4, 2)"
re,65,99.984,90.9,90.9,12.176835040251413,3.4486871249999997,"(3, 3, 0, 2, 4, 2)"
re,66,99.984,90.9,90.9,12.176835040251413,3.4870049170000006,"(3, 3, 0, 2, 4, 2)"
re,67,99.984,90.9,90.9,12.176835040251413,3.525451583,"(3, 3, 0, 2, 4, 2)"
re,68,99.984,90.9,90.9,12.176835040251413,3.5644439580000005,"(3, 3, 0, 2, 4, 2)"
re,69,99.984,90.9,90.9,12.176835040251413,3.6031434580000004,"(3, 3, 0, 2, 4, 2)"
re,70,99.984,90.9,90.9,12.176835040251413,3.641809,"(3, 3, 0, 2, 4, 2)"
re,71,99.984,90.9,90.9,12.176835040251413,3.680456042,"(3, 3, 0, 2, 4, 2)"
re,72,99.988,91.12,91.12,13.375130673249561,3.719486458,"(2, 3, 0, 2, 3, 3)"
re,73,99.988,91.12,91.12,13.375130673249561,3.75798125,"(2, 3, 0, 2, 3, 3)"
re,74,99.988,91.12,91.12,13.375130673249561,3.795128208,"(2, 3, 0, 2, 3, 3)"
re,75,99.988,91.12,91.12,13.375130673249561,3.831959292,"(2, 3, 0, 2, 3, 3)"
re,76,99.988,91.12,91.12,13.375130673249561,3.8689936670000002,"(2, 3, 0, 2, 3, 3)"
re,77,99.988,91.12,91.12,13.375130673249561,3.906473208,"(2, 3, 0, 2, 3, 3)"
re,78,99.988,91.12,91.12,13.375130673249561,4.320977042000001,"(2, 3, 0, 2, 3, 3)"
re,79,99.988,91.12,91.12,13.375130673249561,4.358147583000001,"(2, 3, 0, 2, 3, 3)"
re,80,99.984,91.22,91.22,11.234563171863556,4.394604083000001,"(2, 3, 0, 2, 1, 3)"
re,81,99.984,91.22,91.22,11.234563171863556,4.430593083,"(2, 3, 0, 2, 1, 3)"
re,82,99.984,91.22,91.22,11.234563171863556,4.468518000000001,"(2, 3, 0, 2, 1, 3)"
re,83,99.984,91.22,91.22,11.234563171863556,4.506059542000001,"(2, 3, 0, 2, 1, 3)"
re,84,99.984,91.22,91.22,11.234563171863556,4.543154708000001,"(2, 3, 0, 2, 1, 3)"
re,85,99.984,91.22,91.22,11.234563171863556,4.580550833,"(2, 3, 0, 2, 1, 3)"
re,86,99.984,91.22,91.22,11.234563171863556,4.617071458,"(2, 3, 0, 2, 1, 3)"
re,87,99.984,91.22,91.22,11.234563171863556,4.653528000000001,"(2, 3, 0, 2, 1, 3)"
re,88,99.984,91.22,91.22,11.234563171863556,4.690154833000001,"(2, 3, 0, 2, 1, 3)"
re,89,99.984,91.22,91.22,11.234563171863556,4.727234167000001,"(2, 3, 0, 2, 1, 3)"
re,90,99.984,91.22,91.22,11.234563171863556,4.766716333,"(2, 3, 0, 2, 1, 3)"
re,91,99.984,91.22,91.22,11.234563171863556,4.803011708000001,"(2, 3, 0, 2, 1, 3)"
re,92,99.984,91.22,91.22,11.234563171863556,4.8399675,"(2, 3, 0, 2, 1, 3)"
re,93,99.984,91.22,91.22,11.234563171863556,4.879868042,"(2, 3, 0, 2, 1, 3)"
re,94,99.984,91.22,91.22,11.234563171863556,4.9168498750000005,"(2, 3, 0, 2, 1, 3)"
re,95,99.984,91.22,91.22,11.234563171863556,4.954772458000001,"(2, 3, 0, 2, 1, 3)"
re,96,99.984,91.22,91.22,11.234563171863556,4.991724458,"(2, 3, 0, 2, 1, 3)"
re,97,99.984,91.22,91.22,11.234563171863556,5.028832000000001,"(2, 3, 0, 2, 1, 3)"
re,98,99.984,91.22,91.22,11.234563171863556,5.0663905830000004,"(2, 3, 0, 2, 1, 3)"
re,99,99.984,91.22,91.22,11.234563171863556,5.103605667,"(2, 3, 0, 2, 1, 3)"
re,100,99.984,91.22,91.22,11.234563171863556,5.141256667,"(2, 3, 0, 2, 1, 3)"
bananas,1,99.116,86.81,86.81,9.658029774824778,0.03609579199999935,"(4, 0, 3, 3, 3, 1)"
bananas,2,99.116,86.81,86.81,9.658029774824778,0.07328479199999904,"(4, 0, 3, 3, 3, 1)"
bananas,3,99.116,86.81,86.81,9.658029774824778,0.10979024999999965,"(4, 0, 3, 3, 3, 1)"
bananas,4,99.116,86.81,86.81,9.658029774824778,0.14669587499999892,"(4, 0, 3, 3, 3, 1)"
bananas,5,99.964,90.21,90.21,10.839458545049032,0.18191654199999974,"(2, 3, 0, 1, 3, 3)"
bananas,6,99.964,90.21,90.21,10.839458545049032,0.21701562500000016,"(2, 3, 0, 1, 3, 3)"
bananas,7,99.964,90.21,90.21,10.839458545049032,0.25236170900000054,"(2, 3, 0, 1, 3, 3)"
bananas,8,99.964,90.21,90.21,10.839458545049032,0.2887174169999991,"(2, 3, 0, 1, 3, 3)"
bananas,9,99.964,90.21,90.21,10.839458545049032,0.44815591699999935,"(2, 3, 0, 1, 3, 3)"
bananas,10,99.964,90.21,90.21,10.839458545049032,0.4859954169999998,"(2, 3, 0, 1, 3, 3)"
bananas,11,99.964,90.21,90.21,10.839458545049032,7.2453657499999995,"(2, 3, 0, 1, 3, 3)"
bananas,12,99.964,90.21,90.21,10.839458545049032,7.245412708999998,"(2, 3, 0, 1, 3, 3)"
bananas,13,99.964,90.21,90.21,10.839458545049032,7.245446792000001,"(2, 3, 0, 1, 3, 3)"
bananas,14,99.964,90.21,90.21,10.839458545049032,7.245480083999999,"(2, 3, 0, 1, 3, 3)"
bananas,15,99.964,90.21,90.21,10.839458545049032,7.245512834000001,"(2, 3, 0, 1, 3, 3)"
bananas,16,99.964,90.21,90.21,10.839458545049032,7.245546333999998,"(2, 3, 0, 1, 3, 3)"
bananas,17,99.964,90.21,90.21,10.839458545049032,7.245579874999999,"(2, 3, 0, 1, 3, 3)"
bananas,18,99.964,90.21,90.21,10.839458545049032,7.245613583999999,"(2, 3, 0, 1, 3, 3)"
bananas,19,99.964,90.21,90.21,10.839458545049032,7.245647042,"(2, 3, 0, 1, 3, 3)"
bananas,20,99.964,90.21,90.21,10.839458545049032,7.245679791999999,"(2, 3, 0, 1, 3, 3)"
bananas,21,99.964,90.21,90.21,10.839458545049032,13.741653874999999,"(2, 3, 0, 1, 3, 3)"
bananas,22,99.964,90.21,90.21,10.839458545049032,13.741707084,"(2, 3, 0, 1, 3, 3)"
bananas,23,99.992,90.3,90.3,9.657959580421448,13.741739749999999,"(2, 3, 0, 1, 2, 1)"
bananas,24,99.992,90.3,90.3,9.657959580421448,13.741772792,"(2, 3, 0, 1, 2, 1)"
bananas,25,99.992,90.3,90.3,9.657959580421448,13.741805084000001,"(2, 3, 0, 1, 2, 1)"
bananas,26,99.992,90.3,90.3,9.657959580421448,13.741837667,"(2, 3, 0, 1, 2, 1)"
bananas,27,99.992,90.3,90.3,9.657959580421448,13.741869291999999,"(2, 3, 0, 1, 2, 1)"
bananas,28,99.992,90.3,90.3,9.657959580421448,13.741900834,"(2, 3, 0, 1, 2, 1)"
bananas,29,99.992,90.3,90.3,9.657959580421448,13.741932375,"(2, 3, 0, 1, 2, 1)"
bananas,30,99.992,90.3,90.3,9.657959580421448,13.741964916999999,"(2, 3, 0, 1, 2, 1)"
bananas,31,99.992,90.3,90.3,9.657959580421448,20.789774917000003,"(2, 3, 0, 1, 2, 1)"
bananas,32,99.992,90.3,90.3,9.657959580421448,20.789830541999997,"(2, 3, 0, 1, 2, 1)"
bananas,33,99.992,90.3,90.3,9.657959580421448,20.789865333999998,"(2, 3, 0, 1, 2, 1)"
bananas,34,99.992,90.3,90.3,9.657959580421448,20.789898291999997,"(2, 3, 0, 1, 2, 1)"
bananas,35,99.984,90.89,90.89,9.424267391363779,20.789930875000003,"(2, 3, 0, 1, 2, 0)"
bananas,36,99.984,90.89,90.89,9.424267391363779,20.789969375,"(2, 3, 0, 1, 2, 0)"
bananas,37,99.984,90.89,90.89,9.424267391363779,20.790006208999998,"(2, 3, 0, 1, 2, 0)"
bananas,38,99.984,90.89,90.89,9.424267391363779,20.790041167,"(2, 3, 0, 1, 2, 0)"
bananas,39,99.984,90.89,90.89,9.424267391363779,20.790074083999997,"(2, 3, 0, 1, 2, 0)"
bananas,40,99.984,90.89,90.89,9.424267391363779,20.790115167000003,"(2, 3, 0, 1, 2, 0)"
bananas,41,99.984,90.89,90.89,9.424267391363779,29.011488417000002,"(2, 3, 0, 1, 2, 0)"
bananas,42,99.984,90.89,90.89,9.424267391363779,29.011546875,"(2, 3, 0, 1, 2, 0)"
bananas,43,99.984,90.89,90.89,9.424267391363779,29.011587,"(2, 3, 0, 1, 2, 0)"
bananas,44,99.984,90.89,90.89,9.424267391363779,29.011622792000004,"(2, 3, 0, 1, 2, 0)"
bananas,45,99.984,90.89,90.89,9.424267391363779,29.011657084,"(2, 3, 0, 1, 2, 0)"
bananas,46,99.984,90.89,90.89,9.424267391363779,29.011691209,"(2, 3, 0, 1, 2, 0)"
bananas,47,99.984,90.89,90.89,9.424267391363779,29.011725500000004,"(2, 3, 0, 1, 2, 0)"
bananas,48,99.984,90.89,90.89,9.424267391363779,29.011760084000002,"(2, 3, 0, 1, 2, 0)"
bananas,49,99.996,90.92,90.92,10.922529677549997,29.011802709,"(2, 0, 0, 4, 2, 2)"
bananas,50,99.996,90.92,90.92,10.922529677549997,29.011844459000002,"(2, 0, 0, 4, 2, 2)"
bananas,51,99.996,90.92,90.92,10.922529677549997,38.010190959,"(2, 0, 0, 4, 2, 2)"
bananas,52,99.996,90.92,90.92,10.922529677549997,38.010245375000004,"(2, 0, 0, 4, 2, 2)"
bananas,53,99.996,90.92,90.92,10.922529677549997,38.010281375,"(2, 0, 0, 4, 2, 2)"
bananas,54,99.996,90.92,90.92,10.922529677549997,38.0103175,"(2, 0, 0, 4, 2, 2)"
bananas,55,99.996,90.92,90.92,10.922529677549997,38.010360459000005,"(2, 0, 0, 4, 2, 2)"
bananas,56,99.996,90.92,90.92,10.922529677549997,38.010398167,"(2, 0, 0, 4, 2, 2)"
bananas,57,99.996,90.92,90.92,10.922529677549997,38.010432375,"(2, 0, 0, 4, 2, 2)"
bananas,58,99.996,90.92,90.92,10.922529677549997,38.010467084,"(2, 0, 0, 4, 2, 2)"
bananas,59,99.996,90.92,90.92,10.922529677549997,38.010505709,"(2, 0, 0, 4, 2, 2)"
bananas,60,99.996,90.92,90.92,10.922529677549997,38.010549792,"(2, 0, 0, 4, 2, 2)"
bananas,61,99.996,90.92,90.92,10.922529677549997,46.302032584,"(2, 0, 0, 4, 2, 2)"
bananas,62,99.996,90.92,90.92,10.922529677549997,46.302087125,"(2, 0, 0, 4, 2, 2)"
bananas,63,99.996,90.92,90.92,10.922529677549997,46.302124875000004,"(2, 0, 0, 4, 2, 2)"
bananas,64,99.996,90.92,90.92,10.922529677549997,46.30216025,"(2, 0, 0, 4, 2, 2)"
bananas,65,99.996,90.92,90.92,10.922529677549997,46.302203625000004,"(2, 0, 0, 4, 2, 2)"
bananas,66,99.996,90.92,90.92,10.922529677549997,46.302245875000004,"(2, 0, 0, 4, 2, 2)"
bananas,67,99.996,90.92,90.92,10.922529677549997,46.302285167,"(2, 0, 0, 4, 2, 2)"
bananas,68,99.996,90.92,90.92,10.922529677549997,46.302321500000005,"(2, 0, 0, 4, 2, 2)"
bananas,69,99.996,90.92,90.92,10.922529677549997,46.302357,"(2, 0, 0, 4, 2, 2)"
bananas,70,99.996,90.92,90.92,10.922529677549997,46.302392334000004,"(2, 0, 0, 4, 2, 2)"
bananas,71,99.996,90.92,90.92,10.922529677549997,56.729702917000004,"(2, 0, 0, 4, 2, 2)"
bananas,72,99.996,90.92,90.92,10.922529677549997,56.7297625,"(2, 0, 0, 4, 2, 2)"
bananas,73,99.996,90.92,90.92,10.922529677549997,56.729807,"(2, 0, 0, 4, 2, 2)"
bananas,74,99.968,90.95,90.95,10.166429122289022,56.729847875,"(2, 0, 1, 2, 2, 0)"
bananas,75,99.968,90.95,90.95,10.166429122289022,56.72988754200001,"(2, 0, 1, 2, 2, 0)"
bananas,76,99.968,90.95,90.95,10.166429122289022,56.72993387500001,"(2, 0, 1, 2, 2, 0)"
bananas,77,99.968,90.95,90.95,10.166429122289022,56.72997216700001,"(2, 0, 1, 2, 2, 0)"
bananas,78,99.968,90.95,90.95,10.166429122289022,56.73001508400001,"(2, 0, 1, 2, 2, 0)"
bananas,79,99.968,90.95,90.95,10.166429122289022,56.730054542,"(2, 0, 1, 2, 2, 0)"
bananas,80,99.968,90.95,90.95,10.166429122289022,56.730095959,"(2, 0, 1, 2, 2, 0)"
bananas,81,99.968,90.95,90.95,10.166429122289022,67.52232079199999,"(2, 0, 1, 2, 2, 0)"
bananas,82,99.968,90.95,90.95,10.166429122289022,67.522373542,"(2, 0, 1, 2, 2, 0)"
bananas,83,99.968,90.95,90.95,10.166429122289022,67.52241475,"(2, 0, 1, 2, 2, 0)"
bananas,84,99.968,90.95,90.95,10.166429122289022,67.52245479199999,"(2, 0, 1, 2, 2, 0)"
bananas,85,99.968,90.95,90.95,10.166429122289022,67.522494959,"(2, 0, 1, 2, 2, 0)"
bananas,86,99.968,90.95,90.95,10.166429122289022,67.522531542,"(2, 0, 1, 2, 2, 0)"
bananas,87,99.968,90.95,90.95,10.166429122289022,67.5225715,"(2, 0, 1, 2, 2, 0)"
bananas,88,99.968,90.95,90.95,10.166429122289022,67.52261145899999,"(2, 0, 1, 2, 2, 0)"
bananas,89,99.968,90.95,90.95,10.166429122289022,67.522651125,"(2, 0, 1, 2, 2, 0)"
bananas,90,99.968,90.95,90.95,10.166429122289022,67.522691375,"(2, 0, 1, 2, 2, 0)"
bananas,91,99.968,90.95,90.95,10.166429122289022,78.15587587499999,"(2, 0, 1, 2, 2, 0)"
bananas,92,99.968,90.95,90.95,10.166429122289022,78.155936042,"(2, 0, 1, 2, 2, 0)"
bananas,93,99.968,90.95,90.95,10.166429122289022,78.15597762499999,"(2, 0, 1, 2, 2, 0)"
bananas,94,99.968,90.95,90.95,10.166429122289022,78.15601687499999,"(2, 0, 1, 2, 2, 0)"
bananas,95,99.968,90.95,90.95,10.166429122289022,78.15605516699999,"(2, 0, 1, 2, 2, 0)"
bananas,96,99.968,90.95,90.95,10.166429122289022,78.15609333399999,"(2, 0, 1, 2, 2, 0)"
bananas,97,99.968,90.95,90.95,10.166429122289022,78.156131084,"(2, 0, 1, 2, 2, 0)"
bananas,98,99.968,90.95,90.95,10.166429122289022,78.156171917,"(2, 0, 1, 2, 2, 0)"
bananas,99,99.968,90.95,90.95,10.166429122289022,78.15622516699999,"(2, 0, 1, 2, 2, 0)"
bananas,100,99.968,90.95,90.95,10.166429122289022,78.15626783399999,"(2, 0, 1, 2, 2, 0)"
